ts,load1,cpu_pct,mem_used_mb,mem_total_mb,gpu0_pct,gpu0_mem_mb,gpu1_pct,gpu1_mem_mb,gpu_temp
1787359902,2.00,22.6,11678,28012,0,7389,0,0,65
1787359904,2.00,7.6,11784,28012,18,7389,0,0,66
1787359906,2.00,3.4,11778,28012,24,7389,0,0,66
1787359908,1.92,3.2,11780,28012,24,7389,0,0,66
1787359910,1.92,3.2,11768,28012,24,7389,0,0,66
1787359912,1.85,3.2,11763,28012,25,7389,0,0,66
1787359915,1.85,3.2,11759,28012,24,7389,0,0,66
1787359917,1.78,3.3,11751,28012,94,7389,0,0,67
1787359919,1.78,3.6,12333,28012,13,7389,0,0,67
1787359921,1.78,3.2,11808,28012,23,7389,0,0,67
1787359923,1.72,3.2,11788,28012,18,7389,0,0,67
1787359925,1.72,3.2,11788,28012,20,7389,0,0,67
1787359927,1.66,3.5,11770,28012,24,7389,0,0,68
1787359929,1.66,3.2,11773,28012,25,7389,0,0,67
1787359932,1.61,3.2,11777,28012,26,7389,0,0,68
1787359934,1.61,3.2,11771,28012,22,7389,0,0,68
1787359936,1.61,3.2,11765,28012,25,7389,0,0,68
1787359938,1.56,3.3,11752,28012,15,7389,0,0,68
1787359940,1.56,3.2,11739,28012,95,7389,0,0,72
1787359942,1.51,3.8,12784,28012,13,7389,0,0,69
1787359944,1.51,3.2,11789,28012,19,7389,0,0,69
1787359947,1.47,3.2,11768,28012,23,7389,0,0,68
1787359949,1.47,3.2,11759,28012,19,7389,0,0,69
1787359951,1.47,3.2,11753,28012,24,7389,0,0,69
1787359953,1.43,3.2,11762,28012,26,7389,0,0,68
1787359955,1.43,3.2,11765,28012,25,7389,0,0,68
1787359957,1.40,3.3,11741,28012,27,7389,0,0,68
1787359959,1.40,3.5,11740,28012,22,7389,0,0,68
1787359961,1.37,3.3,11739,28012,28,7389,0,0,68
1787359964,1.37,3.4,11730,28012,19,7389,0,0,68
1787359966,1.37,3.3,11733,28012,30,7389,0,0,68
1787359968,1.34,3.2,11734,28012,30,7389,0,0,68
1787359970,1.34,3.2,11737,28012,23,7389,0,0,68
1787359972,1.31,3.2,11746,28012,29,7389,0,0,68
1787359974,1.31,3.3,11741,28012,97,7389,0,0,70
1787359976,1.28,4.2,11769,28012,34,7389,0,0,71
1787359979,1.28,3.2,11759,28012,21,7397,0,0,70
1787359981,1.28,3.2,11754,28012,21,7397,0,0,70
1787359983,1.26,3.2,11760,28012,23,7397,0,0,70
1787359985,1.26,3.2,11765,28012,24,7397,0,0,70
1787359987,1.24,3.2,11756,28012,25,7397,0,0,70
1787359989,1.24,3.7,11748,28012,41,7397,0,0,72
1787359991,1.22,3.5,11815,28012,22,7397,0,0,71
1787359994,1.22,3.2,11797,28012,22,7397,0,0,70
1787359996,1.22,3.6,11773,28012,23,7397,0,0,70
1787359998,1.20,3.2,11770,28012,25,7397,0,0,70
1787360000,1.20,3.3,11747,28012,26,7397,0,0,70
1787360002,1.19,3.2,11757,28012,41,7397,0,0,73
1787360004,1.19,3.6,13097,28012,11,7397,0,0,71
1787360006,1.17,3.6,11807,28012,24,7397,0,0,71
1787360008,1.17,3.2,11789,28012,24,7397,0,0,71
1787360011,1.17,3.2,11784,28012,25,7397,0,0,71
1787360013,1.16,3.2,11787,28012,26,7397,0,0,71
1787360015,1.16,3.2,11765,28012,25,7397,0,0,71
1787360017,1.14,3.3,11755,28012,23,7397,0,0,71
1787360019,1.14,3.6,11761,28012,26,7397,0,0,71
1787360021,1.21,3.5,11741,28012,26,7397,0,0,71
1787360023,1.21,3.3,11727,28012,24,7397,0,0,71
1787360026,1.21,3.5,11742,28012,26,7397,0,0,71
1787360028,1.20,3.2,11733,28012,27,7397,0,0,72
1787360030,1.20,3.8,11736,28012,22,7397,0,0,74
1787360032,1.26,3.7,11792,28012,22,7397,0,0,72
1787360034,1.26,3.2,11780,28012,22,7397,0,0,72
1787360036,1.26,3.3,11764,28012,23,7397,0,0,72
1787360038,1.32,3.2,11765,28012,24,7397,0,0,72
1787360041,1.32,3.6,11769,28012,31,7397,0,0,74
1787360043,1.29,3.2,11816,28012,21,7397,0,0,73
1787360045,1.29,3.2,11800,28012,23,7397,0,0,72
1787360047,1.35,3.2,11787,28012,24,7397,0,0,72
1787360049,1.35,3.2,11792,28012,15,7397,0,0,71
1787360051,1.35,3.9,11788,28012,24,7397,0,0,71
1787360053,1.40,3.2,11781,28012,25,7397,0,0,71
1787360055,1.40,3.3,11773,28012,87,7397,0,0,72
1787360058,1.37,3.6,12119,28012,10,7397,0,0,73
1787360060,1.37,3.3,11833,28012,20,7397,0,0,72
1787360062,1.50,3.3,11812,28012,19,7397,0,0,72
1787360064,1.50,3.3,11792,28012,24,7397,0,0,72
1787360066,1.50,3.3,11785,28012,25,7397,0,0,72
1787360068,1.46,3.3,11780,28012,24,7397,0,0,72
1787360070,1.46,4.6,11800,28012,22,7397,0,0,72
1787360073,1.42,3.7,11791,28012,25,7397,0,0,72
1787360075,1.42,3.3,11789,28012,26,7397,0,0,72
1787360077,1.39,4.0,11793,28012,50,7397,0,0,74
1787360079,1.39,3.3,11866,28012,0,7397,0,0,73
1787360081,1.39,3.3,11857,28012,19,7397,0,0,73
1787360083,1.36,3.6,11835,28012,23,7397,0,0,73
1787360085,1.36,3.3,11808,28012,23,7397,0,0,73
1787360087,1.33,3.3,11794,28012,23,7397,0,0,72
1787360090,1.33,3.3,11779,28012,21,7397,0,0,72
1787360092,1.30,3.3,11784,28012,27,7397,0,0,72
1787360094,1.30,3.5,11776,28012,18,7397,0,0,72
1787360096,1.30,3.3,11762,28012,28,7397,0,0,71
1787360098,1.28,4.1,11756,28012,28,7397,0,0,71
1787360100,1.28,3.5,11748,28012,28,7397,0,0,71
1787360102,1.26,3.7,11750,28012,40,7397,0,0,71
1787360105,1.26,4.6,11754,28012,38,7397,0,0,74
1787360107,1.24,3.6,11830,28012,21,7397,0,0,73
1787360109,1.24,3.6,11818,28012,22,7397,0,0,72
1787360111,1.24,3.5,11814,28012,23,7397,0,0,72
1787360113,1.30,4.3,11812,28012,24,7397,0,0,72
1787360115,1.30,3.7,11798,28012,24,7397,0,0,72
1787360117,1.27,3.6,11783,28012,24,7397,0,0,72
1787360120,1.27,4.1,11781,28012,18,7397,0,0,74
1787360122,1.25,3.6,11786,28012,21,7397,0,0,73
1787360124,1.25,3.9,11781,28012,22,7397,0,0,73
1787360126,1.25,3.5,11776,28012,89,7397,0,0,75
1787360128,1.23,3.8,12540,28012,13,7397,0,0,73
1787360130,1.23,3.5,11839,28012,22,7397,0,0,73
1787360132,1.21,3.7,11826,28012,23,7397,0,0,73
1787360134,1.21,3.9,11810,28012,17,7397,0,0,73
1787360137,1.28,3.6,11803,28012,25,7397,0,0,72
1787360139,1.28,3.6,11792,28012,26,7397,0,0,72
1787360141,1.28,3.5,11794,28012,27,7397,0,0,72
1787360143,1.25,3.8,11791,28012,27,7397,0,0,72
1787360145,1.25,4.0,11775,28012,28,7397,0,0,72
1787360147,1.23,3.8,11769,28012,28,7397,0,0,72
1787360149,1.23,3.7,11763,28012,95,7397,0,0,75
1787360152,1.21,4.7,12359,28012,11,7397,0,0,73
1787360154,1.21,3.7,11800,28012,19,7397,0,0,73
1787360156,1.21,3.5,11785,28012,24,7397,0,0,73
1787360158,1.20,3.5,11784,28012,24,7397,0,0,73
1787360160,1.20,3.5,11780,28012,20,7397,0,0,73
1787360162,1.18,3.6,11782,28012,24,7397,0,0,73
1787360164,1.18,3.8,11782,28012,24,7397,0,0,73
1787360167,1.17,3.5,11777,28012,22,7397,0,0,72
1787360169,1.17,3.6,11776,28012,17,7397,0,0,72
1787360171,1.17,3.5,11775,28012,27,7397,0,0,73
1787360173,1.23,4.0,11773,28012,23,7397,0,0,73
1787360175,1.23,4.1,11763,28012,27,7397,0,0,73
1787360177,1.21,3.6,11756,28012,96,7397,0,0,75
1787360179,1.21,4.5,11811,28012,17,7397,0,0,74
1787360181,1.28,3.8,11801,28012,21,7397,0,0,73
1787360184,1.28,3.6,11791,28012,24,7397,0,0,73
1787360186,1.28,3.5,11784,28012,23,7397,0,0,72
1787360188,1.25,3.6,11794,28012,21,7397,0,0,72
1787360190,1.25,3.6,11782,28012,50,7397,0,0,73
1787360192,1.31,4.2,12136,28012,16,7397,0,0,74
1787360194,1.31,3.8,11782,28012,21,7397,0,0,73
1787360196,1.45,3.5,11784,28012,21,7397,0,0,73
1787360199,1.45,3.6,11788,28012,22,7397,0,0,73
1787360201,1.45,3.8,11782,28012,22,7397,0,0,73
1787360203,1.41,3.6,11778,28012,24,7397,0,0,73
1787360205,1.41,3.8,11776,28012,24,7397,0,0,73
1787360207,1.38,4.1,11890,28012,6,7397,0,0,74
1787360209,1.38,3.9,13076,28012,34,7397,0,0,74
1787360211,1.35,3.5,11827,28012,23,7397,0,0,73
1787360214,1.35,3.6,11813,28012,24,7397,0,0,73
1787360216,1.35,3.7,11802,28012,25,7397,0,0,73
1787360218,1.32,3.8,11800,28012,25,7397,0,0,73
1787360220,1.32,3.6,11790,28012,20,7397,0,0,73
1787360222,1.38,3.6,11799,28012,25,7397,0,0,73
1787360224,1.38,3.6,11791,28012,25,7397,0,0,73
1787360226,1.43,3.5,11783,28012,26,7397,0,0,73
1787360228,1.43,4.0,11784,28012,25,7397,0,0,73
1787360231,1.43,3.6,11770,28012,96,7397,0,0,76
1787360233,1.87,4.4,11841,28012,21,7397,0,0,74
1787360235,1.87,3.8,11821,28012,22,7397,0,0,74
1787360237,1.80,4.0,11803,28012,22,7397,0,0,73
1787360239,1.80,3.8,11810,28012,23,7397,0,0,74
1787360241,1.80,3.5,11786,28012,23,7397,0,0,74
1787360243,1.82,3.6,11776,28012,24,7397,0,0,73
1787360246,1.82,3.5,11784,28012,24,7397,0,0,74
1787360248,1.75,3.8,11781,28012,95,7397,0,0,76
1787360250,1.75,4.1,11784,28012,19,7397,0,0,75
1787360252,1.77,3.5,11773,28012,20,7397,0,0,74
1787360254,1.77,3.6,11769,28012,22,7397,0,0,74
1787360256,1.77,4.0,11778,28012,90,7397,0,0,76
1787360258,1.79,4.0,12542,28012,11,7397,0,0,74
1787360261,1.79,3.5,11836,28012,22,7397,0,0,74
1787360263,1.81,3.5,11805,28012,22,7397,0,0,74
1787360265,1.81,3.9,11800,28012,23,7397,0,0,74
1787360267,1.90,4.1,11781,28012,24,7397,0,0,74
1787360269,1.90,3.6,11789,28012,24,7397,0,0,74
1787360271,1.90,3.5,11786,28012,14,7397,0,0,74
1787360273,1.83,3.7,11783,28012,25,7397,0,0,74
1787360275,1.83,4.1,11785,28012,28,7397,0,0,73
1787360278,1.76,3.5,11771,28012,16,7397,0,0,73
1787360280,1.76,3.6,11768,28012,25,7397,0,0,73
1787360282,1.78,3.5,11767,28012,25,7397,0,0,73
1787360284,1.78,4.1,11759,28012,28,7397,0,0,73
1787360286,1.78,3.7,11750,28012,97,7397,0,0,77
1787360288,2.28,4.7,12784,28012,11,7397,0,0,74
1787360290,2.28,3.6,11835,28012,20,7397,0,0,74
1787360293,2.18,4.1,11825,28012,24,7397,0,0,74
1787360295,2.18,3.7,11821,28012,24,7397,0,0,74
1787360297,2.16,3.9,11813,28012,26,7397,0,0,74
1787360299,2.16,3.7,11811,28012,26,7397,0,0,74
1787360301,2.16,3.5,11796,28012,25,7397,0,0,74
1787360303,2.15,3.7,11793,28012,25,7397,0,0,74
1787360305,2.15,3.8,11783,28012,25,7397,0,0,74
1787360307,2.06,3.6,11772,28012,26,7397,0,0,74
1787360310,2.06,3.6,11764,28012,26,7397,0,0,74
1787360312,1.97,3.6,11757,28012,21,7397,0,0,74
1787360314,1.97,3.9,11762,28012,26,7397,0,0,74
1787360316,1.97,3.8,11759,28012,27,7397,0,0,74
1787360318,1.90,3.6,11758,28012,71,7397,0,0,78
1787360320,1.90,4.6,11822,28012,21,7397,0,0,75
1787360322,1.82,3.8,11803,28012,22,7397,0,0,74
1787360325,1.82,3.7,11802,28012,18,7397,0,0,74
1787360327,1.76,3.8,11784,28012,24,7397,0,0,74
1787360329,1.76,3.6,11804,28012,25,7397,0,0,74
1787360331,1.76,3.6,11803,28012,22,7397,0,0,74
1787360333,1.70,4.3,12158,28012,10,7397,0,0,75
1787360335,1.70,3.9,13485,28012,10,7397,0,0,74
1787360337,1.64,3.5,11832,28012,23,7397,0,0,74
1787360340,1.64,3.6,11834,28012,22,7397,0,0,74
1787360342,1.67,3.9,11834,28012,23,7397,0,0,74
1787360344,1.67,3.6,11810,28012,21,7397,0,0,74
1787360346,1.67,3.5,11816,28012,24,7397,0,0,74
1787360348,1.62,3.5,11813,28012,25,7397,0,0,74
1787360350,1.62,3.8,11784,28012,24,7397,0,0,74
1787360352,1.57,3.7,11765,28012,25,7397,0,0,74
1787360354,1.57,3.6,11754,28012,26,7397,0,0,74
1787360357,1.52,3.8,11750,28012,26,7397,0,0,74
1787360359,1.52,3.9,11748,28012,14,7397,0,0,74
1787360361,1.52,4.0,11756,28012,16,7397,0,0,74
1787360363,1.48,3.6,11752,28012,26,7397,0,0,74
1787360365,1.48,3.6,11745,28012,97,7397,0,0,78
1787360367,1.44,4.5,11823,28012,15,7397,0,0,75
1787360369,1.44,3.7,11814,28012,17,7397,0,0,74
1787360372,1.40,3.7,11793,28012,11,7397,0,0,74
1787360374,1.40,3.5,11790,28012,24,7397,0,0,74
1787360376,1.40,3.9,11788,28012,24,7397,0,0,74
1787360378,1.45,3.5,11786,28012,25,7397,0,0,73
1787360380,1.45,4.4,12022,28012,10,7397,0,0,75
1787360382,1.42,3.5,11852,28012,21,7397,0,0,74
1787360384,1.42,3.6,11838,28012,22,7397,0,0,74
1787360387,1.38,3.6,11826,28012,22,7397,0,0,74
1787360389,1.38,4.0,11823,28012,22,7397,0,0,74
1787360391,1.38,3.7,11825,28012,23,7397,0,0,74
1787360393,1.35,3.6,11818,28012,24,7397,0,0,74
1787360395,1.35,3.6,11794,28012,24,7397,0,0,74
1787360397,1.32,3.8,11796,28012,72,7397,0,0,76
1787360399,1.32,4.4,12180,28012,9,7397,0,0,75
1787360401,1.30,3.6,11850,28012,22,7397,0,0,75
1787360404,1.30,3.5,11834,28012,23,7397,0,0,75
1787360406,1.30,3.6,11827,28012,23,7397,0,0,75
1787360408,1.27,3.7,11829,28012,24,7397,0,0,74
1787360410,1.27,3.8,11818,28012,25,7397,0,0,74
1787360412,1.33,3.5,11822,28012,25,7397,0,0,75
1787360414,1.33,3.6,11816,28012,19,7397,0,0,74
1787360416,1.30,3.9,11797,28012,26,7397,0,0,74
1787360419,1.30,4.1,11790,28012,34,7397,0,0,74
1787360421,1.30,4.3,12055,28012,9,7397,0,0,75
1787360423,1.28,3.6,12446,28012,13,7397,0,0,75
1787360425,1.28,3.6,11846,28012,22,7397,0,0,75
1787360427,1.26,3.8,11809,28012,13,7397,0,0,74
1787360429,1.26,3.6,11813,28012,24,7397,0,0,74
1787360431,1.26,3.6,11801,28012,24,7397,0,0,75
1787360434,1.32,3.4,11809,28012,25,7397,0,0,74
1787360436,1.32,3.7,11824,28012,25,7397,0,0,74
1787360438,1.29,4.0,11830,28012,22,7397,0,0,74
1787360440,1.29,3.6,11812,28012,25,7397,0,0,74
1787360442,1.27,3.6,11803,28012,26,7397,0,0,74
1787360444,1.27,3.6,11795,28012,26,7397,0,0,74
1787360446,1.27,3.8,11784,28012,27,7397,0,0,74
1787360448,1.33,4.6,11780,28012,15,7397,0,0,77
1787360451,1.33,3.7,13039,28012,11,7397,0,0,75
1787360453,1.30,3.6,11849,28012,20,7397,0,0,75
1787360455,1.30,3.8,11833,28012,24,7397,0,0,75
1787360457,1.36,3.9,11825,28012,24,7397,0,0,75
1787360459,1.36,3.5,11827,28012,13,7397,0,0,75
1787360461,1.36,3.5,11817,28012,19,7397,0,0,74
1787360463,1.41,3.7,11813,28012,23,7397,0,0,74
1787360466,1.41,3.8,11802,28012,21,7397,0,0,74
1787360468,1.38,3.5,11804,28012,27,7397,0,0,74
1787360470,1.38,3.6,11798,28012,24,7397,0,0,74
1787360472,1.35,3.6,11778,28012,13,7397,0,0,73
1787360474,1.35,3.8,11782,28012,24,7397,0,0,73
1787360476,1.35,3.6,11780,28012,28,7397,0,0,73
1787360478,1.40,3.8,11773,28012,29,7397,0,0,73
1787360481,1.40,4.0,11777,28012,97,7397,0,0,77
1787360483,1.37,4.9,12302,28012,10,7397,0,0,75
1787360485,1.37,3.5,11797,28012,17,7397,0,0,74
1787360487,1.42,3.6,11791,28012,23,7397,0,0,74
1787360489,1.42,3.5,11791,28012,22,7397,0,0,74
1787360491,1.42,3.8,11790,28012,23,7397,0,0,74
1787360493,1.38,3.6,11790,28012,24,7397,0,0,74
1787360495,1.38,3.6,11782,28012,24,7397,0,0,74
1787360498,1.43,3.8,11795,28012,25,7397,0,0,74
1787360500,1.43,3.6,11798,28012,25,7397,0,0,74
1787360502,1.48,3.9,11795,28012,14,7397,0,0,74
1787360504,1.48,3.5,11796,28012,25,7397,0,0,74
1787360506,1.48,3.7,11789,28012,96,7397,0,0,76
1787360508,1.44,4.2,12152,28012,9,7397,0,0,75
1787360510,1.44,4.1,11827,28012,21,7397,0,0,75
1787360513,1.40,3.6,11820,28012,21,7397,0,0,74
1787360515,1.40,3.5,11823,28012,18,7397,0,0,74
1787360517,1.37,3.6,11824,28012,22,7397,0,0,74
1787360519,1.37,4.0,11821,28012,21,7397,0,0,74
1787360521,1.37,3.6,11816,28012,24,7397,0,0,74
1787360523,1.34,3.5,11804,28012,77,7397,0,0,76
1787360525,1.34,4.0,12251,28012,6,7397,0,0,75
1787360527,1.31,3.6,11865,28012,8,7397,0,0,75
1787360530,1.31,3.7,11849,28012,24,7397,0,0,75
1787360532,1.29,3.6,11839,28012,20,7397,0,0,74
1787360534,1.29,3.5,11832,28012,24,7397,0,0,74
1787360536,1.29,3.6,11825,28012,21,7397,0,0,75
1787360538,1.27,4.2,11824,28012,25,7397,0,0,74
1787360540,1.27,3.8,11821,28012,25,7397,0,0,74
1787360542,1.32,3.6,11796,28012,22,7397,0,0,74
1787360545,1.32,3.6,11792,28012,25,7397,0,0,74
1787360547,1.30,3.7,11782,28012,26,7397,0,0,74
1787360549,1.30,3.8,11775,28012,24,7397,0,0,74
1787360551,1.30,4.1,11943,28012,9,7399,0,0,76
1787360553,1.27,3.6,12283,28012,0,7399,0,0,75
1787360555,1.27,3.6,11835,28012,23,7399,0,0,74
1787360557,1.25,4.2,11827,28012,22,7399,0,0,74
1787360560,1.25,3.5,11812,28012,24,7399,0,0,74
1787360562,1.23,3.6,11806,28012,25,7399,0,0,74
1787360564,1.23,3.6,11810,28012,25,7399,0,0,74
1787360566,1.23,3.6,11806,28012,26,7399,0,0,73
1787360568,1.21,3.9,11809,28012,23,7399,0,0,73
1787360570,1.21,3.6,11800,28012,27,7399,0,0,73
1787360572,1.20,3.9,11797,28012,24,7399,0,0,73
1787360574,1.20,3.6,11799,28012,27,7399,0,0,73
1787360577,1.34,4.7,11794,28012,4,7399,0,0,76
1787360579,1.34,3.8,13124,28012,11,7399,0,0,74
1787360581,1.34,3.5,11865,28012,22,7399,0,0,74
1787360583,1.31,3.6,11850,28012,22,7399,0,0,74
1787360585,1.31,3.6,11830,28012,24,7399,0,0,74
1787360587,1.29,3.9,11826,28012,23,7399,0,0,74
1787360589,1.29,3.5,11829,28012,24,7399,0,0,74
1787360592,1.26,3.5,11814,28012,24,7399,0,0,74
1787360594,1.26,3.6,11814,28012,21,7399,0,0,74
1787360596,1.26,3.8,11812,28012,25,7399,0,0,74
1787360598,1.24,3.9,11803,28012,26,7399,0,0,74
1787360600,1.24,3.5,11799,28012,27,7399,0,0,74
1787360602,1.22,3.9,11825,28012,28,7399,0,0,74
1787360604,1.22,3.8,11797,28012,97,7399,0,0,76
1787360607,1.20,4.7,12299,28012,11,7399,0,0,75
1787360609,1.20,3.6,13786,28012,11,7399,0,0,74
1787360611,1.20,3.5,11897,28012,23,7399,0,0,74
1787360613,1.27,3.6,11896,28012,23,7399,0,0,74
1787360615,1.27,3.8,11875,28012,24,7399,0,0,74
1787360617,1.33,3.6,11883,28012,24,7399,0,0,74
1787360619,1.33,3.8,11874,28012,25,7399,0,0,74
1787360621,1.30,3.4,11865,28012,25,7399,0,0,74
1787360624,1.30,3.9,11858,28012,25,7399,0,0,74
1787360626,1.30,3.5,11853,28012,22,7399,0,0,74
1787360628,1.28,3.6,11848,28012,26,7399,0,0,74
1787360630,1.28,3.6,11863,28012,26,7399,0,0,74
1787360632,1.33,4.1,11856,28012,27,7399,0,0,74
1787360634,1.33,3.6,11828,28012,97,7399,0,0,78
1787360636,1.33,4.4,12287,28012,27,7401,0,0,75
1787360639,1.47,4.1,11881,28012,21,7401,0,0,75
1787360641,1.47,3.6,11865,28012,21,7401,0,0,75
1787360643,1.43,3.9,11871,28012,23,7401,0,0,75
1787360645,1.43,3.5,11871,28012,23,7401,0,0,74
1787360647,1.40,3.5,11860,28012,21,7401,0,0,74
1787360649,1.40,3.6,11872,28012,25,7401,0,0,74
1787360651,1.40,3.8,11867,28012,24,7401,0,0,74
1787360653,1.36,3.7,11856,28012,93,7401,0,0,76
1787360656,1.36,4.0,11870,28012,21,7401,0,0,75
1787360658,1.42,3.6,11879,28012,21,7401,0,0,75
1787360660,1.42,3.9,11879,28012,22,7401,0,0,75
1787360662,1.38,4.1,11878,28012,22,7401,0,0,75
1787360664,1.38,4.0,11878,28012,35,7401,0,0,77
1787360666,1.38,3.5,13008,28012,11,7401,0,0,75
1787360668,1.35,3.6,11979,28012,22,7401,0,0,75
1787360671,1.35,3.8,11950,28012,22,7401,0,0,74
1787360673,1.32,3.7,11934,28012,22,7401,0,0,75
1787360675,1.32,3.5,11931,28012,25,7401,0,0,75
1787360677,1.30,3.5,11908,28012,23,7401,0,0,74
1787360679,1.30,3.6,11898,28012,25,7401,0,0,75
1787360681,1.30,4.0,11900,28012,26,7401,0,0,74
1787360683,1.27,3.6,11876,28012,26,7401,0,0,74
1787360685,1.27,3.6,11866,28012,22,7401,0,0,74
1787360688,1.25,3.6,11855,28012,95,7401,0,0,78
1787360690,1.25,4.6,11922,28012,19,7401,0,0,75
1787360692,1.31,3.5,11920,28012,22,7401,0,0,74
1787360694,1.31,3.9,11902,28012,22,7401,0,0,74
1787360696,1.31,3.5,11893,28012,18,7401,0,0,74
1787360698,1.29,3.7,11893,28012,21,7401,0,0,74
1787360700,1.29,3.9,11890,28012,20,7401,0,0,73
1787360703,1.26,3.5,11875,28012,26,7401,0,0,74
1787360705,1.26,3.6,11876,28012,26,7401,0,0,73
1787360707,1.40,4.0,11972,28012,9,7401,0,0,75
1787360709,1.40,4.0,11918,28012,20,7401,0,0,74
1787360711,1.40,3.5,11919,28012,21,7401,0,0,74
1787360713,1.37,3.5,11922,28012,23,7401,0,0,74
1787360715,1.37,3.5,11897,28012,21,7401,0,0,74
1787360718,1.34,3.8,11893,28012,22,7401,0,0,74
1787360720,1.34,3.7,11892,28012,23,7401,0,0,74
1787360722,1.47,4.0,11887,28012,92,7401,0,0,76
1787360724,1.47,3.9,13197,28012,11,7401,0,0,74
1787360726,1.47,3.9,14566,28012,11,7401,0,0,74
1787360728,1.43,3.8,11934,28012,18,7401,0,0,74
1787360730,1.43,3.5,11919,28012,23,7401,0,0,74
1787360732,1.48,3.5,11900,28012,25,7401,0,0,74
1787360735,1.48,3.6,11875,28012,26,7401,0,0,74
1787360737,1.44,3.9,11886,28012,27,7401,0,0,73
1787360739,1.44,3.7,11894,28012,27,7401,0,0,73
1787360741,1.44,3.8,11894,28012,22,7401,0,0,73
1787360743,1.41,3.6,11890,28012,26,7401,0,0,73
1787360745,1.41,3.7,11870,28012,27,7401,0,0,73
1787360747,1.37,3.8,11857,28012,24,7401,0,0,73
1787360750,1.37,3.7,11841,28012,27,7401,0,0,73
1787360752,1.34,3.6,11836,28012,27,7401,0,0,73
1787360754,1.34,3.7,11844,28012,28,7401,0,0,73
1787360756,1.34,4.1,11847,28012,26,7401,0,0,73
1787360758,1.32,3.6,11841,28012,23,7401,0,0,72
1787360760,1.32,3.7,11845,28012,29,7401,0,0,72
1787360762,1.29,3.8,11831,28012,28,7401,0,0,72
1787360765,1.29,3.6,11843,28012,31,7401,0,0,72
1787360767,1.27,3.8,11841,28012,28,7401,0,0,72
1787360769,1.27,3.7,11845,28012,98,7401,0,0,76
1787360771,1.27,4.8,12163,28012,11,7401,0,0,75
1787360773,1.33,3.5,11899,28012,18,7401,0,0,74
1787360775,1.33,4.0,11892,28012,21,7401,0,0,74
1787360777,1.30,3.5,11882,28012,23,7401,0,0,74
1787360779,1.30,3.6,11863,28012,59,7401,0,0,75
1787360782,1.27,4.1,11864,28012,20,7401,0,0,74
1787360784,1.27,3.8,11872,28012,15,7401,0,0,73
1787360786,1.27,3.9,11874,28012,24,7401,0,0,73
1787360788,1.25,3.5,11865,28012,24,7401,0,0,73
1787360790,1.25,3.6,11869,28012,22,7401,0,0,73
1787360792,1.23,3.9,12468,28012,11,7401,0,0,74
1787360794,1.23,3.9,12948,28012,20,7401,0,0,74
1787360797,1.21,3.6,12860,28012,20,7401,0,0,74
1787360799,1.21,3.5,12846,28012,22,7401,0,0,74
1787360801,1.21,3.8,12837,28012,21,7401,0,0,74
1787360803,1.20,3.8,12567,28012,16,7401,0,0,74
1787360805,1.20,3.6,12575,28012,24,7401,0,0,74
1787360807,1.18,3.5,12566,28012,25,7401,0,0,74
1787360809,1.18,3.6,12559,28012,25,7401,0,0,73
1787360812,1.25,3.7,11864,28012,91,7401,0,0,75
1787360814,1.25,4.1,11925,28012,20,7401,0,0,75
1787360816,1.25,3.7,11914,28012,20,7401,0,0,74
1787360818,1.23,3.6,11898,28012,22,7401,0,0,74
1787360820,1.23,3.7,11892,28012,18,7401,0,0,74
1787360822,1.21,4.0,11883,28012,22,7401,0,0,74
1787360824,1.21,3.6,11874,28012,89,7401,0,0,76
1787360826,1.27,3.8,12620,28012,11,7401,0,0,74
1787360829,1.27,3.5,13991,28012,5,7401,0,0,73
1787360831,1.27,3.9,13569,28012,0,7401,0,0,73
1787360833,1.25,3.5,11918,28012,20,7401,0,0,74
1787360835,1.25,3.5,11908,28012,23,7401,0,0,74
1787360837,1.23,3.5,11898,28012,25,7401,0,0,74
1787360839,1.23,3.9,11890,28012,25,7401,0,0,73
1787360841,1.23,3.8,11888,28012,22,7401,0,0,73
1787360844,1.29,3.6,11885,28012,25,7401,0,0,73
1787360846,1.29,3.5,11882,28012,26,7401,0,0,73
1787360848,1.27,4.0,11879,28012,25,7401,0,0,73
1787360850,1.27,3.7,11858,28012,27,7401,0,0,73
1787360852,1.33,3.6,11859,28012,27,7401,0,0,73
1787360854,1.33,3.6,11844,28012,25,7401,0,0,73
1787360856,1.33,3.7,11842,28012,27,7401,0,0,73
1787360859,1.38,3.8,11834,28012,28,7401,0,0,73
1787360861,1.38,3.6,11836,28012,28,7401,0,0,73
1787360863,1.35,3.8,11835,28012,20,7401,0,0,73
1787360865,1.35,3.6,11835,28012,97,7401,0,0,77
1787360867,1.32,4.8,12593,28012,12,7401,0,0,75
1787360869,1.32,3.5,11911,28012,21,7401,0,0,74
1787360871,1.32,3.6,11902,28012,21,7401,0,0,74
1787360873,1.30,3.6,11898,28012,13,7401,0,0,74
1787360876,1.30,3.9,11894,28012,24,7401,0,0,73
1787360878,1.27,3.7,11893,28012,25,7401,0,0,73
1787360880,1.27,3.5,11905,28012,26,7401,0,0,73
1787360882,1.33,3.8,11884,28012,22,7401,0,0,73
1787360884,1.33,3.7,11884,28012,26,7401,0,0,73
1787360886,1.33,3.7,11882,28012,11,7401,0,0,73
1787360888,1.30,3.6,11863,28012,95,7401,0,0,75
1787360891,1.30,4.2,11862,28012,18,7401,0,0,74
1787360893,1.28,3.5,11853,28012,19,7401,0,0,74
1787360895,1.28,3.8,11854,28012,76,7401,0,0,74
1787360897,1.26,3.7,12282,28012,9,7401,0,0,74
1787360899,1.26,3.6,11930,28012,21,7401,0,0,74
1787360901,1.26,3.6,11917,28012,15,7401,0,0,74
1787360903,1.32,4.0,11894,28012,22,7401,0,0,74
1787360906,1.32,3.6,11896,28012,9,7401,0,0,73
1787360908,1.29,3.9,11888,28012,23,7401,0,0,73
1787360910,1.29,3.5,11884,28012,20,7401,0,0,74
1787360912,1.51,3.8,11868,28012,24,7401,0,0,74
1787360914,1.51,3.6,11872,28012,25,7401,0,0,73
1787360916,1.51,4.2,11867,28012,0,7401,0,0,76
1787360918,1.47,3.6,13135,28012,12,7401,0,0,74
1787360920,1.47,3.7,11920,28012,20,7401,0,0,73
1787360923,1.43,3.9,11907,28012,24,7401,0,0,73
1787360925,1.43,3.5,11898,28012,21,7401,0,0,73
1787360927,1.48,3.6,11892,28012,21,7401,0,0,73
1787360929,1.48,3.5,11892,28012,26,7401,0,0,73
1787360931,1.48,3.9,11886,28012,25,7401,0,0,73
1787360933,1.44,3.6,11882,28012,27,7401,0,0,73
1787360935,1.44,3.5,11877,28012,23,7401,0,0,72
1787360938,1.40,3.6,11865,28012,27,7401,0,0,72
1787360940,1.40,4.1,11865,28012,28,7401,0,0,72
1787360942,1.37,3.7,11860,28012,27,7401,0,0,72
1787360944,1.37,3.9,11857,28012,25,7401,0,0,72
1787360946,1.37,3.5,11856,28012,23,7401,0,0,72
1787360948,1.42,3.8,11855,28012,29,7401,0,0,72
1787360950,1.42,3.6,11853,28012,97,7401,0,0,74
1787360953,1.39,4.5,12065,28012,7,7401,0,0,74
1787360955,1.39,3.5,11856,28012,21,7401,0,0,73
1787360957,1.36,3.7,11867,28012,21,7401,0,0,73
1787360959,1.36,3.7,11853,28012,22,7401,0,0,73
1787360961,1.36,3.6,11852,28012,23,7401,0,0,73
1787360963,1.33,3.8,11844,28012,24,7401,0,0,73
1787360965,1.33,3.5,11843,28012,25,7401,0,0,73
1787360967,1.30,3.8,11847,28012,26,7401,0,0,72
1787360970,1.30,3.8,11849,28012,22,7401,0,0,72
1787360972,1.28,3.6,11861,28012,26,7401,0,0,72
1787360974,1.28,4.1,11852,28012,34,7401,0,0,75
1787360976,1.28,3.8,11934,28012,4,7401,0,0,74
1787360978,1.25,3.6,11928,28012,22,7401,0,0,73
1787360980,1.25,3.5,11903,28012,22,7401,0,0,73
1787360982,1.23,3.8,11908,28012,20,7401,0,0,73
1787360985,1.23,3.8,11898,28012,17,7401,0,0,73
1787360987,1.21,3.6,11875,28012,17,7401,0,0,73
1787360989,1.21,3.5,11872,28012,18,7401,0,0,73
1787360991,1.21,3.5,11871,28012,18,7401,0,0,73
1787360993,1.20,3.8,11875,28012,18,7401,0,0,73
1787360995,1.20,3.6,11875,28012,20,7401,0,0,73
1787360997,1.26,3.6,11869,28012,14,7401,0,0,73
1787361000,1.26,3.9,11853,28012,96,7401,0,0,75
1787361002,1.24,4.1,12252,28012,13,7401,0,0,74
1787361004,1.24,4.1,13449,28012,11,7401,0,0,73
1787361006,1.24,3.5,11918,28012,17,7401,0,0,73
1787361008,1.22,3.5,11906,28012,21,7401,0,0,73
1787361010,1.22,3.5,11889,28012,23,7401,0,0,73
1787361012,1.20,4.0,11873,28012,25,7401,0,0,73
1787361014,1.20,3.5,11860,28012,24,7401,0,0,72
1787361017,1.19,3.6,11857,28012,26,7401,0,0,72
1787361019,1.19,3.5,11851,28012,25,7401,0,0,72
1787361021,1.19,3.8,11848,28012,14,7401,0,0,72
1787361023,1.25,4.0,11853,28012,26,7401,0,0,72
1787361025,1.25,3.5,11852,28012,27,7401,0,0,72
1787361027,1.23,3.6,11852,28012,27,7401,0,0,71
1787361029,1.23,3.7,11839,28012,27,7401,0,0,71
1787361032,1.21,3.9,11838,28012,25,7401,0,0,71
1787361034,1.21,3.6,11844,28012,96,7401,0,0,73
1787361036,1.21,4.3,11997,28012,9,7401,0,0,74
1787361038,1.19,3.6,13421,28012,11,7401,0,0,72
1787361040,1.19,3.8,13288,28012,0,7401,0,0,72
1787361042,1.26,3.6,11917,28012,23,7401,0,0,72
1787361044,1.26,3.8,11887,28012,22,7401,0,0,72
1787361047,1.26,3.5,11871,28012,23,7401,0,0,72
1787361049,1.32,3.8,11863,28012,23,7401,0,0,72
1787361051,1.32,3.5,11862,28012,24,7401,0,0,72
1787361053,1.29,3.6,11864,28012,24,7401,0,0,72
1787361055,1.29,3.6,11859,28012,21,7401,0,0,72
1787361057,1.27,3.9,11867,28012,22,7401,0,0,72
1787361059,1.27,3.6,11866,28012,26,7401,0,0,72
1787361061,1.27,3.8,11866,28012,20,7401,0,0,71
1787361064,1.33,3.9,11859,28012,28,7401,0,0,71
1787361066,1.33,3.7,11855,28012,25,7401,0,0,71
1787361068,1.30,3.8,11849,28012,27,7401,0,0,71
1787361070,1.30,3.6,11845,28012,29,7401,0,0,71
1787361072,1.28,3.6,11842,28012,29,7401,0,0,71
1787361074,1.28,3.6,11847,28012,30,7401,0,0,71
1787361076,1.28,3.8,11835,28012,31,7401,0,0,71
1787361079,1.25,3.7,11841,28012,31,7401,0,0,71
1787361081,1.25,3.6,11849,28012,27,7401,0,0,71
1787361083,1.23,3.7,11860,28012,98,7401,0,0,76
1787361085,1.23,5.7,12818,28012,11,7401,0,0,73
1787361087,1.30,3.5,11946,28012,18,7401,0,0,72
1787361089,1.30,3.6,11936,28012,22,7401,0,0,72
1787361091,1.30,3.8,11930,28012,15,7401,0,0,72
1787361093,1.35,3.9,11918,28012,23,7401,0,0,72
1787361096,1.35,3.5,11912,28012,23,7401,0,0,72
1787361098,1.32,3.6,11911,28012,21,7401,0,0,72
1787361100,1.32,3.5,11921,28012,24,7401,0,0,72
1787361102,1.30,3.7,11928,28012,24,7401,0,0,72
1787361104,1.30,4.2,11931,28012,34,7401,0,0,75
1787361106,1.30,3.8,12882,28012,22,7401,0,0,73
1787361108,1.27,3.6,11971,28012,22,7401,0,0,72
1787361111,1.27,3.6,11969,28012,21,7401,0,0,72
1787361113,1.25,3.9,11967,28012,22,7401,0,0,72
1787361115,1.25,3.6,11948,28012,23,7401,0,0,72
1787361117,1.23,3.5,11955,28012,22,7401,0,0,72
1787361119,1.23,3.6,11965,28012,23,7401,0,0,72
1787361121,1.23,4.1,11962,28012,17,7401,0,0,72
1787361123,1.21,3.6,11955,28012,24,7401,0,0,72
1787361126,1.21,3.7,11937,28012,24,7401,0,0,72
1787361128,1.20,3.5,11934,28012,24,7401,0,0,72
1787361130,1.20,4.6,12123,28012,9,7401,0,0,74
1787361132,1.34,3.6,13568,28012,11,7401,0,0,73
1787361134,1.34,3.6,14997,28012,10,7401,0,0,72
1787361136,1.34,3.6,12068,28012,24,7401,0,0,73
1787361138,1.31,3.6,11989,28012,24,7401,0,0,72
1787361140,1.31,3.7,12002,28012,24,7401,0,0,72
1787361143,1.29,3.5,12004,28012,25,7401,0,0,72
1787361145,1.29,3.9,12002,28012,25,7401,0,0,73
1787361147,1.34,3.5,11998,28012,25,7401,0,0,73
1787361149,1.34,4.0,11990,28012,27,7401,0,0,72
1787361151,1.34,3.6,11999,28012,26,7401,0,0,72
1787361153,1.32,3.9,11995,28012,26,7401,0,0,72
1787361155,1.32,3.5,11987,28012,28,7401,0,0,72
1787361158,1.29,3.7,11973,28012,28,7401,0,0,71
1787361160,1.29,3.7,11980,28012,22,7401,0,0,71
1787361162,1.35,3.6,11977,28012,28,7401,0,0,71
1787361164,1.35,3.6,11969,28012,27,7401,0,0,71
1787361166,1.35,3.8,11973,28012,29,7401,0,0,71
1787361168,1.48,3.9,11974,28012,26,7401,0,0,71
1787361170,1.48,3.6,11965,28012,29,7401,0,0,71
1787361172,1.52,3.6,11957,28012,29,7401,0,0,71
1787361175,1.52,3.7,11954,28012,30,7401,0,0,71
1787361177,1.48,3.7,11967,28012,30,7401,0,0,71
1787361179,1.48,3.8,11971,28012,30,7401,0,0,71
1787361181,1.48,3.6,11966,28012,25,7401,0,0,70
1787361183,1.44,3.7,11964,28012,31,7401,0,0,70
1787361185,1.44,3.9,11970,28012,32,7401,0,0,70
1787361187,1.41,3.9,11971,28012,17,7401,0,0,70
1787361190,1.41,3.7,11975,28012,91,7401,0,0,72
1787361192,1.37,3.4,11965,28012,98,7401,0,0,76
1787361194,1.37,5.2,12689,28012,11,7401,0,0,73
1787361196,1.37,3.9,14173,28012,11,7401,0,0,72
1787361198,1.34,3.6,14631,28012,19,7401,0,0,72
1787361200,1.34,3.6,14634,28012,23,7401,0,0,72
1787361202,1.32,3.5,14641,28012,22,7401,0,0,71
1787361205,1.32,3.9,14618,28012,22,7401,0,0,72
1787361207,1.29,3.7,14620,28012,25,7401,0,0,71
1787361209,1.29,3.6,14622,28012,24,7401,0,0,71
1787361211,1.29,3.5,14635,28012,25,7401,0,0,71
1787361213,1.27,3.9,14637,28012,26,7401,0,0,71
1787361215,1.27,3.8,14624,28012,26,7401,0,0,71
1787361217,1.33,3.6,14607,28012,26,7401,0,0,71
1787361219,1.33,3.6,14610,28012,26,7401,0,0,71
1787361222,1.30,3.5,14626,28012,27,7401,0,0,71
1787361224,1.30,3.8,14625,28012,23,7401,0,0,71
1787361226,1.30,4.0,13257,28012,0,7401,0,0,71
1787361228,1.28,3.5,11992,28012,97,7401,0,0,75
1787361230,1.28,4.5,13162,28012,11,7401,0,0,72
1787361232,1.25,3.9,12347,28012,20,7401,0,0,72
1787361234,1.25,3.7,12329,28012,21,7401,0,0,72
1787361237,1.25,3.7,12335,28012,22,7401,0,0,72
1787361239,1.39,3.7,12312,28012,22,7401,0,0,72
1787361241,1.39,3.7,12310,28012,23,7401,0,0,72
1787361243,1.36,4.1,12001,28012,26,7401,0,0,72
1787361245,1.36,3.6,11996,28012,26,7401,0,0,72
1787361247,1.33,3.5,11989,28012,14,7401,0,0,71
1787361249,1.33,3.6,11996,28012,27,7401,0,0,71
1787361251,1.33,3.9,11992,28012,27,7401,0,0,71
1787361254,1.39,3.6,11989,28012,37,7401,0,0,72
1787361256,1.39,4.1,12122,28012,8,7401,0,0,73
1787361258,1.43,3.8,12001,28012,20,7401,0,0,73
1787361260,1.43,3.8,11972,28012,9,7401,0,0,73
1787361262,1.40,3.7,11963,28012,20,7401,0,0,73
1787361264,1.40,3.5,11953,28012,21,7401,0,0,72
1787361266,1.40,3.6,11954,28012,13,7401,0,0,72
1787361269,1.37,3.5,11944,28012,22,7401,0,0,72
1787361271,1.37,3.9,11943,28012,59,7401,0,0,74
1787361273,1.34,4.0,12509,28012,10,7401,0,0,73
1787361275,1.34,3.8,13980,28012,11,7401,0,0,73
1787361277,1.31,3.7,12006,28012,8,7401,0,0,73
1787361279,1.31,3.8,12004,28012,22,7401,0,0,73
1787361281,1.31,3.6,11990,28012,23,7401,0,0,73
1787361284,1.29,3.5,11993,28012,23,7401,0,0,73
1787361286,1.29,3.6,12003,28012,23,7401,0,0,73
1787361288,1.26,3.7,12000,28012,24,7401,0,0,73
1787361290,1.26,3.8,12000,28012,25,7401,0,0,72
1787361292,1.24,3.5,11991,28012,25,7401,0,0,72
1787361294,1.24,3.5,11991,28012,25,7401,0,0,72
1787361296,1.24,3.7,11997,28012,27,7401,0,0,72
1787361298,1.30,4.1,11989,28012,28,7401,0,0,72
1787361301,1.30,3.6,11982,28012,13,7401,0,0,72
1787361303,1.36,3.5,11976,28012,18,7401,0,0,72
1787361305,1.36,3.9,11965,28012,29,7401,0,0,72
1787361307,1.33,3.9,11966,28012,96,7401,0,0,77
1787361309,1.33,4.4,12966,28012,11,7401,0,0,73
1787361311,1.33,3.5,12034,28012,20,7401,0,0,73
1787361313,1.30,3.5,12030,28012,20,7401,0,0,73
1787361316,1.30,3.9,12020,28012,21,7401,0,0,73
1787361318,1.28,3.7,12021,28012,17,7401,0,0,73
1787361320,1.28,3.5,11994,28012,23,7401,0,0,73
1787361322,1.26,3.6,12016,28012,23,7401,0,0,73
1787361324,1.26,3.8,12020,28012,23,7401,0,0,73
1787361326,1.26,3.6,12018,28012,23,7401,0,0,73
1787361328,1.24,3.5,11998,28012,18,7401,0,0,73
1787361330,1.24,4.1,12006,28012,52,7401,0,0,75
1787361333,1.22,3.7,12069,28012,20,7401,0,0,74
1787361335,1.22,4.0,12055,28012,23,7401,0,0,73
1787361337,1.20,3.5,12048,28012,17,7401,0,0,73
1787361339,1.20,3.8,12026,28012,24,7401,0,0,72
1787361341,1.20,3.6,12031,28012,21,7401,0,0,72
1787361343,1.18,3.8,12024,28012,25,7401,0,0,72
1787361345,1.18,3.5,12040,28012,26,7401,0,0,72
1787361348,1.17,3.5,12030,28012,25,7401,0,0,72
1787361350,1.17,3.5,12007,28012,25,7401,0,0,72
1787361352,1.31,3.9,12005,28012,20,7401,0,0,72
1787361354,1.31,3.5,12002,28012,27,7401,0,0,72
1787361356,1.31,3.6,12012,28012,96,7401,0,0,76
1787361358,1.29,4.4,11953,28012,20,7401,0,0,73
1787361360,1.29,3.8,11952,28012,20,7401,0,0,73
1787361363,1.27,3.6,11951,28012,21,7401,0,0,73
1787361365,1.27,3.7,11954,28012,21,7401,0,0,73
1787361367,1.33,3.6,11944,28012,44,7401,0,0,75
1787361369,1.33,4.0,13008,28012,11,7401,0,0,73
1787361371,1.33,3.7,12103,28012,2,7401,0,0,73
1787361373,1.30,3.5,12082,28012,17,7401,0,0,73
1787361375,1.30,3.5,12083,28012,21,7401,0,0,73
1787361377,1.27,3.6,12079,28012,21,7401,0,0,73
1787361380,1.27,4.2,12066,28012,22,7401,0,0,72
1787361382,1.25,3.6,12051,28012,19,7401,0,0,72
1787361384,1.25,3.5,12040,28012,24,7401,0,0,72
1787361386,1.25,3.6,12035,28012,22,7401,0,0,72
1787361388,1.23,3.8,12022,28012,17,7401,0,0,72
1787361390,1.23,3.5,12014,28012,23,7401,0,0,72
1787361392,1.21,3.6,12018,28012,25,7401,0,0,71
1787361395,1.21,3.6,11999,28012,15,7401,0,0,71
1787361397,1.28,4.1,11988,28012,18,7401,0,0,71
1787361399,1.28,3.8,11984,28012,96,7401,0,0,74
1787361401,1.28,4.3,12611,28012,11,7401,0,0,73
1787361403,1.25,3.5,13856,28012,11,7401,0,0,72
1787361405,1.25,3.6,15086,28012,10,7401,0,0,72
1787361407,1.23,3.7,14484,28012,0,7401,0,0,72
1787361409,1.23,3.5,12094,28012,22,7401,0,0,72
1787361412,1.21,3.6,12086,28012,20,7401,0,0,72
1787361414,1.21,3.5,12074,28012,21,7401,0,0,72
1787361416,1.21,3.7,12063,28012,25,7401,0,0,72
1787361418,1.20,3.6,12077,28012,25,7401,0,0,72
1787361420,1.20,3.8,12067,28012,24,7401,0,0,72
1787361422,1.18,3.7,12036,28012,26,7401,0,0,72
1787361424,1.18,3.8,12025,28012,25,7401,0,0,72
1787361427,1.18,3.9,12012,28012,16,7401,0,0,72
1787361429,1.25,3.6,12005,28012,18,7401,0,0,71
1787361431,1.25,3.6,11999,28012,27,7401,0,0,71
1787361433,1.23,3.9,12000,28012,28,7401,0,0,71
1787361435,1.23,3.7,11979,28012,25,7401,0,0,71
1787361437,1.21,3.6,11993,28012,29,7401,0,0,71
1787361439,1.21,3.8,11982,28012,29,7401,0,0,71
1787361441,1.21,3.7,11995,28012,29,7401,0,0,71
1787361444,1.35,3.9,11987,28012,30,7401,0,0,71
1787361446,1.35,3.6,11978,28012,19,7401,0,0,71
1787361448,1.32,3.6,11981,28012,97,7401,0,0,76
1787361450,1.32,4.9,12701,28012,10,7401,0,0,73
1787361452,1.30,3.9,12055,28012,20,7401,0,0,72
1787361454,1.30,3.5,12051,28012,19,7401,0,0,72
1787361456,1.30,3.8,12027,28012,21,7401,0,0,72
1787361459,1.27,3.6,12029,28012,21,7401,0,0,72
1787361461,1.27,3.8,12043,28012,22,7401,0,0,72
1787361463,1.33,3.7,12017,28012,22,7401,0,0,72
1787361465,1.33,3.6,12010,28012,21,7401,0,0,72
1787361467,1.30,3.6,12012,28012,23,7401,0,0,72
1787361469,1.30,3.6,12009,28012,95,7401,0,0,74
1787361471,1.30,4.3,12536,28012,11,7401,0,0,73
1787361473,1.36,3.7,12080,28012,7,7401,0,0,72
1787361476,1.36,3.6,12053,28012,12,7401,0,0,72
1787361478,1.33,3.6,12069,28012,18,7401,0,0,72
1787361480,1.33,4.1,12055,28012,23,7401,0,0,72
1787361482,1.39,3.6,12044,28012,23,7401,0,0,71
1787361484,1.39,3.5,12039,28012,24,7401,0,0,71
1787361486,1.39,3.7,12051,28012,19,7401,0,0,71
1787361488,1.43,3.7,12054,28012,26,7401,0,0,71
1787361491,1.43,3.7,12042,28012,26,7401,0,0,71
1787361493,1.40,3.6,12027,28012,18,7401,0,0,71
1787361495,1.40,3.5,12017,28012,96,7401,0,0,75
1787361497,1.37,3.9,12721,28012,24,7401,0,0,73
1787361499,1.37,4.1,12096,28012,19,7401,0,0,72
1787361501,1.37,3.5,12068,28012,20,7401,0,0,72
1787361503,1.34,3.6,12061,28012,20,7401,0,0,72
1787361505,1.34,3.4,12049,28012,20,7401,0,0,72
1787361508,1.31,3.8,12055,28012,21,7401,0,0,72
1787361510,1.31,3.5,12048,28012,21,7401,0,0,72
1787361512,1.29,3.5,12034,28012,94,7401,0,0,75
1787361514,1.29,2.4,11950,28012,0,7401,0,0,73
1787361516,1.29,0.8,11954,28012,0,7401,0,0,72
1787361518,1.18,1.3,11960,28012,0,7401,0,0,72
1787361520,1.18,1.0,11938,28012,0,7401,0,0,71
1787361523,1.09,0.8,11940,28012,0,7401,0,0,71
1787361525,1.09,0.8,11938,28012,0,7401,0,0,71
1787361527,1.08,1.1,11930,28012,0,7401,0,0,70
1787361529,1.08,0.9,11943,28012,0,7401,0,0,70
1787361531,1.08,0.8,11940,28012,0,7401,0,0,70
1787361533,0.99,0.9,11945,28012,0,7401,0,0,70
1787361535,0.99,1.0,11939,28012,0,7401,0,0,70
1787361538,0.91,1.0,11935,28012,0,7401,0,0,70
1787361540,0.91,1.0,11940,28012,0,7401,0,0,70
1787361542,0.84,0.8,11935,28012,0,7401,0,0,69
1787361544,0.84,0.9,11933,28012,0,7401,0,0,69
1787361546,0.84,1.1,11938,28012,0,7401,0,0,69
1787361548,0.77,1.1,11938,28012,0,7401,0,0,69
1787361550,0.77,0.8,11937,28012,0,7401,0,0,69
1787361553,0.71,0.8,11932,28012,0,7401,0,0,69
1787361555,0.71,1.1,11940,28012,0,7401,0,0,69
1787361557,0.65,0.9,11938,28012,0,7401,0,0,69
1787361559,0.65,0.9,11942,28012,0,7401,0,0,68
1787361561,0.65,1.0,11944,28012,0,7401,0,0,68
1787361563,0.68,0.9,11950,28012,0,7401,0,0,68
1787361565,0.68,1.1,11960,28012,0,7401,0,0,68
1787361568,0.63,0.8,11943,28012,0,7401,0,0,68
1787361570,0.63,0.8,11944,28012,0,7401,0,0,68
1787361572,0.66,0.8,11959,28012,0,7401,0,0,68
1787361574,0.66,1.1,11944,28012,0,7401,0,0,68
1787361576,0.66,0.9,11924,28012,0,7401,0,0,68
1787361578,0.60,1.1,11929,28012,0,7401,0,0,68
1787361580,0.60,1.0,11923,28012,0,7401,0,0,67
1787361582,0.56,0.8,11930,28012,0,7401,0,0,67
1787361585,0.56,1.1,11931,28012,0,7401,0,0,67
1787361587,0.51,0.8,11923,28012,0,7401,0,0,67
1787361589,0.51,0.9,11922,28012,0,7401,0,0,67
1787361591,0.51,0.7,11934,28012,0,7401,0,0,67
1787361593,0.47,1.2,11957,28012,0,7401,0,0,67
1787361595,0.47,0.8,11942,28012,0,7401,0,0,67
1787361597,0.51,0.8,11945,28012,0,7401,0,0,67
1787361600,0.51,0.9,11944,28012,0,7401,0,0,67
1787361602,0.47,1.1,11939,28012,0,7401,0,0,67
1787361604,0.47,1.1,11935,28012,0,7401,0,0,67
1787361606,0.47,0.8,11938,28012,0,7401,0,0,67
1787361608,0.43,1.0,11941,28012,0,7401,0,0,67
1787361610,0.43,0.8,11949,28012,0,7401,0,0,67
1787361612,0.40,1.1,11947,28012,0,7401,0,0,67
1787361615,0.40,0.9,11958,28012,0,7401,0,0,67
1787361617,0.45,0.8,11951,28012,0,7401,0,0,67
1787361619,0.45,0.8,11951,28012,0,7401,0,0,67
1787361621,0.45,1.1,11953,28012,0,7401,0,0,66
1787361623,0.41,0.8,11950,28012,0,7401,0,0,66
1787361625,0.41,0.8,11937,28012,0,7401,0,0,66
1787361627,0.38,0.7,11933,28012,0,7401,0,0,66
1787361629,0.38,0.9,11932,28012,0,7401,0,0,66
1787361632,0.51,0.9,11921,28012,0,7401,0,0,66
1787361634,0.51,0.9,11930,28012,0,7401,0,0,66
1787361636,0.51,0.8,11945,28012,0,7401,0,0,66
1787361638,0.55,0.9,11948,28012,0,7401,0,0,66
1787361640,0.55,1.3,11940,28012,0,7401,0,0,66
1787361642,0.50,1.0,11937,28012,0,7401,0,0,66
1787361644,0.50,0.9,11939,28012,0,7401,0,0,66
1787361647,0.50,0.8,11933,28012,0,7401,0,0,66
1787361649,0.70,0.9,11931,28012,0,7401,0,0,66
1787361651,0.70,1.0,11939,28012,0,7401,0,0,66
1787361653,0.65,0.8,11933,28012,0,7401,0,0,66
1787361655,0.65,0.8,11939,28012,0,7401,0,0,66
1787361657,0.59,0.7,11935,28012,0,7401,0,0,65
1787361659,0.59,1.1,11927,28012,0,7401,0,0,65
1787361662,0.59,1.0,11922,28012,0,7401,0,0,65
1787361664,0.71,0.8,11930,28012,0,7401,0,0,65
1787361666,0.71,0.8,11923,28012,0,7401,0,0,65
1787361668,0.65,1.1,11918,28012,0,7401,0,0,65
1787361670,0.65,1.1,11918,28012,0,7401,0,0,65
1787361672,0.60,0.7,11923,28012,0,7401,0,0,65
1787361674,0.60,0.8,11923,28012,0,7401,0,0,65
1787361677,0.60,1.0,11928,28012,0,7401,0,0,65
1787361679,0.79,0.8,11929,28012,0,7401,0,0,65
1787361681,0.79,1.0,11933,28012,0,7401,0,0,65
1787361683,0.81,0.9,11931,28012,0,7401,0,0,65
1787361685,0.81,0.8,11930,28012,0,7401,0,0,65
1787361687,0.74,1.1,11926,28012,0,7401,0,0,65
1787361689,0.74,0.8,11923,28012,0,7401,0,0,65
1787361692,0.74,0.8,11911,28012,0,7401,0,0,65
1787361694,0.76,0.8,11917,28012,0,7401,0,0,65
1787361696,0.76,1.1,11925,28012,0,7401,0,0,65
1787361698,0.70,0.9,11926,28012,0,7401,0,0,65
1787361700,0.70,1.1,11918,28012,0,7401,0,0,65
1787361702,0.65,1.0,11921,28012,0,7401,0,0,65
1787361704,0.65,0.9,11925,28012,0,7401,0,0,65
1787361707,0.65,1.2,11921,28012,0,7401,0,0,65
1787361709,0.75,0.8,11920,28012,0,7401,0,0,64
1787361711,0.75,0.8,11925,28012,0,7401,0,0,64
1787361713,0.69,0.8,11925,28012,0,7401,0,0,64
1787361715,0.69,1.1,11925,28012,0,7401,0,0,64
1787361717,0.72,0.8,11920,28012,0,7401,0,0,64
1787361719,0.72,0.8,11918,28012,0,7401,0,0,64
1787361722,0.72,1.1,11918,28012,0,7401,0,0,64
1787361724,0.74,0.8,11924,28012,0,7401,0,0,64
1787361726,0.74,1.1,11947,28012,0,7401,0,0,64
1787361728,0.68,0.8,11944,28012,0,7401,0,0,64
1787361730,0.68,1.1,11936,28012,0,7401,0,0,64
1787361732,0.63,0.7,11935,28012,0,7401,0,0,64
1787361734,0.63,1.1,11923,28012,0,7401,0,0,64
1787361737,0.63,0.9,11931,28012,0,7401,0,0,64
1787361739,0.58,0.8,11936,28012,0,7401,0,0,64
1787361741,0.58,0.8,11939,28012,0,7401,0,0,64
1787361743,0.53,1.3,11935,28012,0,7401,0,0,64
1787361745,0.53,0.9,11932,28012,0,7401,0,0,64
1787361747,0.49,0.8,11931,28012,0,7401,0,0,64
1787361749,0.49,0.8,11926,28012,0,7401,0,0,64
1787361752,0.49,0.8,11917,28012,0,7401,0,0,64
1787361754,0.53,1.0,11926,28012,0,7401,0,0,64
1787361756,0.53,0.9,11929,28012,0,7401,0,0,64
1787361758,0.49,0.8,11923,28012,0,7401,0,0,64
1787361760,0.49,0.8,11923,28012,0,7401,0,0,64
1787361762,0.53,1.7,11933,28012,0,7401,0,0,64
1787361764,0.53,0.8,11947,28012,0,7401,0,0,63
1787361767,0.53,0.8,11939,28012,0,7401,0,0,63
1787361769,0.49,0.8,11935,28012,0,7401,0,0,64
1787361771,0.49,1.0,11924,28012,0,7401,0,0,63
1787361773,0.45,1.0,11923,28012,0,7401,0,0,63
1787361775,0.45,0.8,11920,28012,0,7401,0,0,63
1787361777,0.41,0.8,11925,28012,0,7401,0,0,63
1787361779,0.41,0.8,11919,28012,0,7401,0,0,63
1787361781,0.41,1.2,11916,28012,0,7401,0,0,63
1787361784,0.38,1.0,11918,28012,0,7401,0,0,63
1787361786,0.38,0.9,11922,28012,0,7401,0,0,63
1787361788,0.35,0.8,11933,28012,0,7401,0,0,63
1787361790,0.35,1.0,11928,28012,0,7401,0,0,63
1787361792,0.40,1.3,11932,28012,0,7401,0,0,63
1787361794,0.40,0.8,11932,28012,0,7401,0,0,63
1787361796,0.40,0.8,11938,28012,0,7401,0,0,63
1787361799,0.37,0.8,11935,28012,0,7401,0,0,63
1787361801,0.37,1.2,11930,28012,0,7401,0,0,63
1787361803,0.34,1.3,11923,28012,0,7401,0,0,63
1787361805,0.34,0.8,11923,28012,0,7401,0,0,63
1787361807,0.31,0.8,11933,28012,0,7401,0,0,63
1787361809,0.31,1.0,11938,28012,0,7401,0,0,63
1787361811,0.31,0.9,11940,28012,0,7401,0,0,63
1787361814,0.29,0.8,11931,28012,0,7401,0,0,63
1787361816,0.29,0.7,11941,28012,0,7401,0,0,63
1787361818,0.26,0.9,11951,28012,0,7401,0,0,63
1787361820,0.26,0.9,11935,28012,0,7401,0,0,63
